,0,1,2,3
0,,,,Toplam
1,1 Arslan BULUT /  Yeni Çağ Bu işte küresel bir sahtekârlık var! ...,1974.0,4366.0,6340
2,2 Servet AVCI /  Yeni Çağ İyiliğe direnç göstermek! ...,262.0,3902.0,4164
3,3 Çiğdem TOKER /  Sözcü İşte Avrasya Tüneli’ndeki “mücbir sebep” maddesi ...,401.0,3098.0,3499
4,"4 Evet, bir İsveç, Küba, Uganda değil ama! /  Hürriyet Nedim ŞENER ...",361.0,3000.0,3361
5,5 Mehmed Göktaş /  Doğru Haber Dönüşün Allah'a olduğuna inanmak ve ...,48.0,3080.0,3128
6,6 Sinan Meydan /  Sözcü Sağlık devrimi ...,330.0,2688.0,3018
7,7 Barış Terkoğlu /  Cumhuriyet Bilal Erdoğan'ın tuzunun kokusu ...,607.0,2377.0,2984
8,"8 Aziz Çelik /  Birgün Salgın 7,5 milyon yeni işsiz yaratabilir! ...",189.0,2468.0,2657
9,"9 Ardan Zentürk /  Star Sayın Fidan, “beka savaşının” yeni sorunu bu şahıs ...",46.0,2096.0,2142
10,"10 Hikmet Genç /  Akşam CHP'de aşçı, bahçıvan, şof ...",484.0,1531.0,2015
11,11 Deniz Zeyrek /  Sözcü Yaşasın mahalle kültürü! ...,490.0,1260.0,1750
12,12 Bizi Türk hekimlerine emanet ediniz /  Hürriyet Ahmet HAKAN ...,115.0,1529.0,1644
13,"13 Can Ataklı /  - ""Ya Allah"" deyip koronayı bitirecekler ...",726.0,877.0,1603
14,14 Güven Gürkan Öztan /  Birgün -˜Üç koyun güdemezler' propagandas ...,233.0,1217.0,1450
15,15 İbrahim Kahveci /  Karar Çok ararız bu günleri ...,34.0,1246.0,1280
16,16 Şahin Aybek /  Cumhuriyet Eğitim sendikalarının görevi iktidarların arka bahçesi ...,18.0,1216.0,1234
17,"17 Orhan UĞUROĞLU /  Yeni Çağ Cemaat, Tarikat, Diyanet, Siyaset ...",278.0,945.0,1223
18,"18 Ahmet Kekeç /  Akşam Ne yani, Kılıçdaroğlu Müslüman değil mi? ...",78.0,1143.0,1221
19,19 Ahmet Hakan /  Hürriyet Bizi Türk hekimlerine emanet ediniz ...,115.0,1065.0,1180
20,20 Şebnem Korur Fincancı /  Evrensel Eşsizlik ...,0.0,993.0,993
21,21 Necati Doğru /  Sözcü Umut! ...,198.0,773.0,971
22,22 ENGİN ARDIÇ /  Sabah İslamcı Kemalistler! ...,148.0,816.0,964
23,23 Ayşe Sucu /  Sözcü Koronalı günlerde Ramazan Ayı’nın düşündürdükleri ...,248.0,637.0,885
24,24 Emre Özpeynirci /  Sözcü Üretime başlamanın faturası ağır olacak ...,50.0,801.0,851
25,25 Yıldıray Oğur /  Karar Bir zamanların adem-i merkeziyetçilerine ne oldu? ...,78.0,767.0,845
26,26 Cem Küçük /  Türkiye MOSSAD'ın örtülü gazetecileri ve suikastları ...,15.0,761.0,776
27,27 Zeynep Gürcanlı /  Sözcü Çatışma düzeni ...,61.0,657.0,718
28,28 Erk Acarer /  Birgün Ekonomideki pembe tablo: Sadece İstanbul'un yar ...,96.0,596.0,692
29,29 Murat Muratoğlu /  Sözcü Alışveriş merkezinde kal Türkiye! ...,276.0,406.0,682
30,30 Mehmet Ali Güller /  Cumhuriyet Salgından sonra AB bölünür mü? ...,81.0,571.0,652
31,31 Abdulhakim Sonkaya /  Doğru Haber Gerici normalleşme! ...,2.0,636.0,638
32,32 Abdurrahman Dilipak /  Yeni Akit Yeni sendikacılık ve.. ...,20.0,598.0,618
33,33 Mehmet FARAÇ /  Yeni Çağ Corona'da Teksas kanunu!.. ...,68.0,548.0,616
34,34 Yusuf Kaplan /  Yeni Şafak İki asırlık epistemik köleleşme ontolojik yok oluşa d� ...,34.0,565.0,599
35,35 Kurtuluş Tayiz /  Akşam Kurgu-montaj dalında ödül İmamoğlu-Kaftancıoğlu çift ...,110.0,465.0,575
36,36 Selçuk Candansayar /  Birgün Kökümüzü kurutmak istiyorlar ...,115.0,457.0,572
37,"37 Nedim Şener /  Hürriyet Evet, bir İsveç, Küba, Uganda değil ama! ...",361.0,207.0,568
38,38 Enver Aysever /  Cumhuriyet Hangi iktidar hangi muhalefet! ...,108.0,448.0,556
39,39 MEHMET BARLAS /  Sabah Gelişmiş bir ülke olduğumuzu anlamamız için salgını ...,32.0,513.0,545
40,40 Nedim Türkmen /  Sözcü Kobi’ler için neler yapıldı? ...,50.0,490.0,540
41,41 Arslan TEKİN /  Yeni Çağ Türkiye birilerinin değil; hepimizin! ...,50.0,468.0,518
42,42 Yavuz Selim DEMİRAĞ /  Yeni Çağ Sağlık çalışanları... ...,114.0,390.0,504
43,43 İhsan Çaralan /  Evrensel Kılıçdaroğlu'nun 16 maddesi ve demokra ...,169.0,325.0,494
44,44 Memduh Bayraktaroğlu /  - BU NASIL DEVLET VİCDANI YAHU?.. ...,91.0,385.0,476
45,45 Normalleşme takvimi bugün netleşiyor /  Hürriyet Abdulkadir SELVİ ...,0.0,456.0,456
46,46 KEREM ALKİN /  Sabah ABD’nin 2. ‘Vietnam Sendromu’ ...,21.0,424.0,445
47,47 Rahmi Turan /  Sözcü Yaban domuzları Bodrum’da! ...,94.0,337.0,431
48,48 Ergin Yıldızoğlu /  Cumhuriyet Küresel açlık krizi kapıda ...,99.0,298.0,397
49,49 Özge Güneş /  Birgün Çay üreticisinin durumu ...,45.0,326.0,371
50,50 Bülent Orakoğlu /  Yeni Şafak CHP medya FETÖ eL-Muhaberat ve DHKP/C arasında inanılmaz ...,0.0,351.0,351
51,51 Fikret İlkiz /  Bianet Suç Ve Ceza Ertelemeleri ...,22.0,321.0,343
52,"52 Nihayet güzel haberler: Mayıs ortasından sonra iç hatlar, Haziran başı gibi yat turizmi için kapılar /  Hürriyet Fatih ÇEKİRGE ...",51.0,276.0,327
53,53 Mehmet Ocaktan /  Karar Hiç değilse hayırda yarışanlara dokunmayalım ...,20.0,283.0,303
54,54 Yasin Aktay /  Yeni Şafak Ramazan başlarken Ã‚limi öldürmek ...,0.0,295.0,295
55,55 GÖKHAN ÖZCAN /  Yeni Şafak Bir nevi itikaf ...,0.0,282.0,282
56,"56 Attila Aşut /  Birgün Tartışılan sözcük: ""Bulaş"" ...",16.0,258.0,274
57,"57 Ali Karahasanoğlu /  Yeni Akit Elhamdülillah; koca Avrupa, bir Türkiye olamadı! ...",35.0,234.0,269
58,58 Sezgin Özcan /  Sözcü Ücret desteği için kim başvuracak? ...,17.0,250.0,267
59,"59 Burhan AYERİ /  Yeni Çağ ""Tehdit virüsten çok açlık..."" ...",27.0,214.0,241
60,60 Melih Pekdemir /  Birgün Madalyonun üçüncü yüzü ...,93.0,145.0,238
61,61 Fatih Altaylı /  Habertürk Çin Virüsü ...,9.0,223.0,232
62,62 HASAN BASRİ YALÇIN /  Sabah Bilimcilik dini ...,22.0,197.0,219
63,63 Site bahçesi sokak mı? /  Hürriyet Oya ARMUTÇU ...,136.0,81.0,217
64,"64 Hulki CEVİZOĞLU /  Yeni Çağ ""Vicdansız Bir Nesne"" olarak insan ...",31.0,180.0,211
65,65 Ercüment Akdeniz /  Evrensel Koronayı gören şirketler -˜kafala'ya sa ...,0.0,197.0,197
66,"66 Burhan Bozgeyik /  Milli Gazete ""Kurtuluş Bayramı"" ...",24.0,171.0,195
67,67 Ahmet GÜRSOY /  Yeni Çağ Ramazan Kimleri Değiştirebilir? ...,37.0,153.0,190
68,68 Abdurrahman Yıldırım /  Habertürk Yılın ikinci siyah kuğusu ...,2.0,187.0,189
69,69 Emin Koramaz /  Birgün Emeğin haklarını korumaya devam edeceğiz ...,0.0,181.0,181
70,70 Abdullah Karakuş /  Milliyet Bir Tunceli hikayesi! Yardım eli dağ köylerine kadar gidi ...,0.0,173.0,173
71,71 Erdal Atabek /  Cumhuriyet Iskarta Hayatlar... ...,86.0,74.0,160
72,72 Ertan Erol /  Evrensel Brezilya'da çatırdayan iktidar ...,6.0,150.0,156
73,73 Orhan Bursalı /  Cumhuriyet Uygarlığın çektiği beyaz teslim bayrağı ...,96.0,59.0,155
74,74 Remzi ÖZDEMİR /  Yeni Çağ AVM maceramız ...,38.0,114.0,152
75,75 Hakkı Öcal /  Milliyet Savaş Yönetimi ...,0.0,147.0,147
76,76 Prof. Dr. Sait Yılmaz /  Milli Gazete Medikal Derin Devlet ve Bill Gates-¦ ...,21.0,125.0,146
77,77 Sigortada dev satın alma /  Hürriyet Noyan Doğan ...,4.0,140.0,144
78,78 Süleyman Özışık /  Türkiye İmamoğlu’na yapılacak en büyük iyilik! ...,20.0,118.0,138
79,79 Oya Armutçu /  Hürriyet Site bahçesi sokak mı? ...,136.0,0.0,136
80,80 Ekrem Şama /  Milli Gazete Okuma vakti ...,1.0,131.0,132
81,81 Sadullah Aydın /  Doğru Haber Ahlaksız dizilerle topyekûn mücadele edilmeli ...,1.0,121.0,122
82,82 Taha Akyol /  Karar Virüse karşı başarıda üç şart ...,15.0,96.0,111
83,83 Mehmet Acet /  Yeni Şafak Neden bu hale düştüler? ...,0.0,111.0,111
84,84 Ayşe Emel Mesci /  Cumhuriyet Farklı açılardan doğa-insan ilişkisi ...,18.0,92.0,110
85,85 Yakup Köse /  Star Mihri belli lûtîler hakkında ne düşünüyordu? ...,38.0,64.0,102
86,86 Yusuf Ziya Cömert /  Karar Hocaların ‘gösteri’si ...,21.0,75.0,96
87,87 Tuba Kalçık /  Sabah Ahmet Kural: Türkiye'nin farkı ücretsiz sa ...,1.0,95.0,96
88,88 SÜLEYMAN SEYFİ ÖĞÜN /  Yeni Şafak OK Boomer… ...,0.0,93.0,93
89,89 İbrahim Karataş /  Yeni Akit Virüsten dünya markası çıkarmak ...,0.0,92.0,92
90,90 Siyami Akyel /  Milli Gazete İslam'ın Dünya Görüşü'n&u ...,2.0,84.0,86
91,91 Alaattin Karaca /  Karar ‘Bir İdam Mahkûmunun Son Günü’nde ceza ve infaz ele� ...,1.0,81.0,82
92,92 İsa Karakaş /  Türkiye Sağlık çalışanlarına ilave yıpranma hakkı ile daha e ...,7.0,75.0,82
93,93 Ersin Ramoğlu (güney) /  Sabah CIA ve MOSSAD Reis'e kafayı taktı ...,17.0,64.0,81
94,"94 Mahmut Toptaş /  Milli Gazete Korona, İslam'ı dünya gündemine ç ...",5.0,75.0,80
95,95 Taceddin Kutay /  Akşam Kadastrocu ...,0.0,78.0,78
96,96 Mustafa Karaalioğlu /  Karar Normalleşme için küçük bir fedakârlık ...,1.0,76.0,77
97,97 Vedat Bilgin /  Akşam Dünyayı bu hale nasıl getirdiniz! ...,0.0,75.0,75
98,98 D. Mehmet Doğan /  Karar Hiç böyleliğin görmemişiz ramazanın! ...,1.0,71.0,72
99,99 Sadettin İnan /  Milli Gazete Anadolu Ajansı'na yakıştı mı? ...,6.0,65.0,71
100,100 Ufuk Ulutaş /  Akşam Devletin Sözlük Karşılığı ...,2.0,69.0,71
101,101 Örsan K. Öymen /  Cumhuriyet Post-Virüs -2- ...,26.0,43.0,69
102,"102 Mehmet Y. Yılmaz /  T24 ""Kekliği düz ovada avlarım"" politikası! ...",68.0,0.0,68
103,103 Ali Haydar Haksal /  Milli Gazete Sade ve mütevazı oruç ...,35.0,33.0,68
104,104 Selçuk Türkyılmaz /  Yeni Şafak Koronavirüs salgını ve Avrupalıların medenîleştirme m ...,0.0,68.0,68
105,105 Düşük temas ekonomisi /  Hürriyet Ramazan Başan ...,3.0,60.0,63
106,106 ERDAL TANAS KARAGÖL /  Yeni Şafak Korona sonrası dönemde ekonomide yeni trendler ...,0.0,60.0,60
107,107 Selahaddin Yıldırım /  Doğru Haber Ramazan manevi bir mekteptir ...,0.0,58.0,58
108,108 Fesih Yasak /  Doğru Haber Kim nasıl yazardı? ...,0.0,58.0,58
109,109 Oray Eğin /  Habertürk “Trump Show” yayından kalktı ...,12.0,45.0,57
110,110 Hüseyin Acarlar /  Yeni Akit Ramazanda İbrahim Olmak ...,19.0,37.0,56
111,111 Cüneyt Başaran /  Habertürk Borçluluk oranları II. Dünya Savaşı sonrası seviyelere ...,0.0,54.0,54
112,112 Osman Altınışık (ankara) /  Sabah Çapsız vizyonsuz iş bilmez-¦ ...,7.0,44.0,51
113,113 Vehbi Kara /  Yeni Akit Libya'nın Kalbi Terhune'de Atıyor ...,11.0,37.0,48
114,"114 Turan Eser /  Birgün Alevi fobisi mi, Alevi sevgisi mi? ...",0.0,47.0,47
115,"115 ZEKERİYA KURŞUN /  Yeni Şafak Konsolosluk raporları mı, dedikodu mu? ...",0.0,44.0,44
116,116 Talimattaki hokus pokuslar! /  Hürriyet Tahir KUM ...,0.0,43.0,43
117,"117 Kürşad Oğuz /  Habertürk Evde kal, Evde yap, Ev de yap ...",1.0,38.0,39
118,118 Adnan Öksüz /  Milli Gazete Bir anda yüzlerce genç ağlamaya başladı! ...,1.0,37.0,38
119,"119 Selahaddin E. Çakırgil /  Star ‘Bir Dokun, Bin ‘hh..' Dinle, Kâse-i Fa&# ...",6.0,30.0,36
120,120 Nagehan Alçı /  Habertürk Bizim Büyük Çaresizliğimiz ...,8.0,28.0,36
121,121 Demet Bilge Erkasap /  Bianet Bomboş Sokaklar ...,1.0,34.0,35
122,122 Esin Övet /  Habertürk Amman Ajda Hanım ne yaptınız? ...,0.0,35.0,35
123,"123 Zeki Ceyhan /  Milli Gazete Ben yapmadım, o yaptı! ...",2.0,33.0,35
124,124 Mayısın ilk haftası çalışmaya hazırız /  Hürriyet Fatih Tekeci ...,9.0,26.0,35
125,125 Hamit Dizman /  Milli Gazete Telekonferans toplantıları! ...,0.0,34.0,34
126,126 Bekir Gündoğmuş /  Milli Gazete Taklitçi siyasete tam gaz devam ...,2.0,32.0,34
127,127 AVM’ler açılacak mı /  Hürriyet Fulya Soybaş ...,3.0,31.0,34
128,128 Mehmet Gülsever /  Doğru Haber Geçmiş ile gerçek arasında gençliğik ile imtihanımız ...,0.0,33.0,33
129,"129 Mevlüt Tezel /  Sabah ABD yapınca -˜işte büyük devlet', ...",6.0,27.0,33
130,"130 Reşat Nuri Erol /  Milli Gazete Virüs dünya düzeni mi, Adil Dünya Düzeni mi?-29 ...",1.0,31.0,32
131,131 Nihal Bengisu Karaca /  Habertürk Bilim aşıyı buluyordu da son anda din mi mani oldu? ...,0.0,31.0,31
132,132 Osman Müftüoğlu /  Hürriyet Salgın ne zaman bitecek ...,30.0,0.0,30
133,"133 AŞK101 dizisi, karantina bitişi ve evde mutluluk /  Hürriyet Can Aydoğmuş ...",0.0,30.0,30
134,134 Salgın ne zaman bitecek /  Hürriyet Osman MÜFTÜOĞLU ...,30.0,0.0,30
135,135 Fatih Selek /  Türkiye Bir defa da teşekkür edin ...,9.0,20.0,29
136,136 Didem Özel Tümer /  Milliyet ATO Başkanı Baran'ın çağrıs& ...,0.0,28.0,28
137,137 Ünal Bolat /  Türkiye Cağaloğlu’nda İhlas Vakfında çalışırken... ...,0.0,26.0,26
138,138 İdil Çimrin /  Sabah İftarda Kayseri'deyiz ...,0.0,26.0,26
139,139 Ermeni aşı kabak tadı verdi! /  Hürriyet Fuat BOL ...,3.0,23.0,26
140,"140 Çiçek Cengiz Şakiroğlu /  Bianet Karantinada Evsiz, LGBTİ+, Çocuk Olmak, Ya da Ömürboyu K ...",24.0,0.0,24
141,141 Meryem Aybike Sinan /  Türkiye İbrahim Kalın farkı… ...,1.0,22.0,23
142,142 Şadiye Dönümcü /  Bianet Covid-19 ve Dünyada Yaşlıların Durumu ...,0.0,21.0,21
143,"143 Uğur Kutay /  Birgün Yeni evler, yeni cadılar ...",0.0,21.0,21
144,144 Plüton gerilemesi başladı! Hangi kuşakta doğdun? /  Hürriyet Aygül Aydın ...,0.0,21.0,21
145,145 Osman Ünlü /  Türkiye Teravih namazı kılmak sünnettir ...,3.0,17.0,20
146,"146 Yetenekli Kalemler /  Türkiye ""Ben anneme söz verdim!"" ...",7.0,9.0,16
147,147 Elçin Demiröz /  Odatv Bu hayali böyle kurmamıştık biz ...,15.0,0.0,15
148,"148 Hüseyin Likoğlu /  Yeni Şafak ""İnsanlara merhamet etmeyene Allah da merhamet etmez"" ...",5.0,10.0,15
149,149 Konuk Yazar /  Doğru Haber BELKİ DÖNERLER DİYE!!! ...,0.0,14.0,14
150,150 Serdar Turgut /  Habertürk Sıcak Bölge'den panik notları-25 ...,0.0,13.0,13
151,151 Ziyahan Albeniz /  Karar Dinle Podcast hikayat kılmada ...,11.0,0.0,11
152,152 Korona günlerindeki aşk gerçekten aşk mıdır /  Hürriyet Onur BAŞTÜRK ...,0.0,11.0,11
153,153 Abdullah Şanlıdağ /  Yeni Akit Salgında hangi noktaya geldik? ...,10.0,0.0,10
154,"154 Ragıp Karadayı /  Türkiye ""Demek bir gün dayak, bir gün lokum mu?.."" ...",0.0,10.0,10
155,155 Keşke 65 yaş üstü /  Hürriyet Nil KARAİBRAHİMGİL ...,7.0,3.0,10
156,156 Fatih Tekeci /  Hürriyet Mayısın ilk haftası çalışmaya hazırız ...,9.0,0.0,9
157,"157 Prof. Dr. Ekrem Buğra Ekinci /  Türkiye PEYGAMBERİN ARKADAŞLARI, GÖKTEKİ YILDIZLAR GİBİDİR ...",0.0,8.0,8
158,158 Prof. Dr. Ramazan Ayvallı /  Türkiye Dört gözle beklediğimiz ramazan ayına kavuştuk ...,0.0,8.0,8
159,159 Hacı Yakışıklı /  Yeni Akit İstiklal Marşımızın müziği güzelleştirilmeli ...,6.0,1.0,7
160,"160 Anlat Derdini Feridun Ağabey'e /  Türkiye “Sizler sıradan kimseler değilsiniz, sorumluluğunuzu bi ...",2.0,4.0,6
161,161 Esas mesele /  Hürriyet Rauf TAMER ...,6.0,0.0,6
162,162 Dr. Eray Güçlüer /  Akşam Korono-loji ...,0.0,6.0,6
163,163 Vehbi Tülek /  Türkiye Eshâb-ı kirâmın üstünlük sırası ...,2.0,3.0,5
164,"164 Abdüllatif Uyan /  Türkiye ""Dünya, yalnız seni değiştiremedi!.."" ...",0.0,4.0,4
165,165 Akdoğan Özkan /  T24 Halep - Lazkiye karayolunda TSK - cihatçı gerginliği ...,3.0,0.0,3
166,166 Fuat Bol /  Hürriyet Ermeni aşı kabak tadı verdi! ...,3.0,0.0,3
167,167 Patlıcanlı Tarsus tavası /  Hürriyet Sahrap SOYSAL ...,3.0,0.0,3
168,168 “Dünya Menenjit Günü” /  Hürriyet Ayşegül DOMANİÇ YELÇE ...,0.0,3.0,3
169,169 /  T24 Koronavirüs'ten sonra Türkiye: Devletin bekası sol politi ...,2.0,0.0,2
170,170 Hüseyin Öztürk /  Yeni Akit Akif İnan Kitaplığı ...,2.0,0.0,2
171,171 Osmanlı'da eve teslim /  Hürriyet Naci Cem Öncel ...,2.0,0.0,2
172,172 Atilla Çilingir /  - Onun ışığı sönmedikçe... ...,0.0,2.0,2
173,"173 Serdar Ali Çelikler /  Habertürk 2 farklı Terim, 2 farklı tepkisellik ...",0.0,2.0,2
174,174 Bülent Cankurt /  Sabah Yeni bir otel aldı ama virüse takıldı! ...,1.0,0.0,1
175,175 Ekrem Sarısu /  Posta Ücretsiz izne ayrılan işçi iş akdini feshedip tazminat ...,1.0,0.0,1
176,176 Veteriner hekim varsa sağlık var /  Hürriyet M.Turgut Topaloğlu ...,0.0,1.0,1
177,177 Kemal Okuyan /  Sol Korona kavgası şimdi başlıyor-¦ ...,0.0,0.0,0
178,178 Ahmet Müfit /  Odatv Herkes virüsü konuşuyor bu tehlikeyi kimse görmüyor ...,0.0,0.0,0
179,"179 Yalçın Doğan /  T24 Şimdi asıl soru: O videoyu kim çekti, kim sızdırdı? ...",0.0,0.0,0
180,180 Ahmet Talimciler /  T24 Spor medyasının değişmesinin tam zamanıdır ...,0.0,0.0,0
181,"181 Barış Soydan /  T24 ABD ile Swap'tan haber yok, IMF ihtimal dışı, ...",0.0,0.0,0
182,182 Fikret Bila /  T24 Hükûmet belediyeler konusundaki hatalarından dönmeli ...,0.0,0.0,0
183,183 İbrahim Ersoylu /  Yeni Asya Tevhidin çeşitleri kaçtır? ...,0.0,0.0,0
184,184 Yılmaz Murat Bilican /  T24 İnsan özgürlüğü üstüne ...,0.0,0.0,0
185,185 Abdülbakã® Çimiç /  Yeni Asya Bediüzzaman'ın Bitlis hayatı ...,0.0,0.0,0
186,186 Hasan Cemal /  T24 Bir türlü bitmeyen bir kâbus tefrikası... ...,0.0,0.0,0
187,187 Şükrü Bulut /  Yeni Asya 23 Nisan kutlamalarıyla üzerleri kapatılan hakikatler... ...,0.0,0.0,0
188,188 Yasemin Yaşar /  Yeni Asya Helâli harama dönüştüren israf ...,0.0,0.0,0
189,189 Sebahattin Yaşar /  Yeni Asya Meyveli ağaç-¦ ne yapılır? ...,0.0,0.0,0
190,"190 Mehmet Kara /  Yeni Asya ""Senden-benden"" anlayışı ile dayanış ...",0.0,0.0,0
191,191 Hüseyin Gültekin /  Yeni Asya Yeni Asya'ya karşı olan hazımsızlık ...,0.0,0.0,0
192,192 Ali Ferşadoğlu /  Yeni Asya Astrofizik çağa uygun duâ ve zikir ...,0.0,0.0,0
193,193 Süleyman Kösmene /  Yeni Asya Allah seni darda bırakmayacaktır ...,0.0,0.0,0
194,194 M. Latif Salihoğlu /  Yeni Asya Padişahı devirip Yıldız'ı yağm ...,0.0,0.0,0
195,195 Emrah Savcı /  Yeni Akit Bilim Kurulu onay verirse ilk düdük 12 Haziran'da ...,0.0,0.0,0
196,196 Av. Yaşar Baş /  Yeni Akit Uzaktan yürütülebilecek hizmetler bir an önce başlatıl ...,0.0,0.0,0
197,197 Atilla Özdür /  Yeni Akit Belediye zekatı-¦ ...,0.0,0.0,0
198,198 Hikmet Köksal /  Türkiye Dünya tam dedikleri gibi; “çivisi çıkmış!” ...,0.0,0.0,0
199,199 Prof. Dr. Temel Yılmaz /  Habertürk Bu virüs nereden çıktı? ...,0.0,0.0,0
200,"200 Osman Çutsay /  Sol Antikomünizm, Türkiye, Fatih Yaşlı ve Barışlar ...",0.0,0.0,0
201,201 M. Said Zeki /  Yeni Asya Bize yalan söylediler - 2 ...,0.0,0.0,0
202,202 MURAT ÖZBOSTAN /  Sabah İyi ki gazeteler var ...,0.0,0.0,0
203,203 Zeynep Turan /  Sabah Zihin oyunları başlasın ...,0.0,0.0,0
204,204 Erkut Can /  Posta 100 yılın coşkusu ...,0.0,0.0,0
205,205 Rıza Sönmez İle Teselli Veren Tarifler /  Posta Yemeklerin efendisi işkembedir ...,0.0,0.0,0
206,206 Dilara Doğan /  Posta Efruze: Türk sanat müziği arabesk müziğin etkisiyle öz ...,0.0,0.0,0
207,207 Mehmet Coşkundeniz /  Posta Saygı yoksa kaygı var ...,0.0,0.0,0
208,208 Murat Gülderen /  Posta Yaşlılara dijital 'Korona' önlemi ...,0.0,0.0,0
209,209 Hakan Çelik /  Posta Gerçek hibrit gerçek SUV ...,0.0,0.0,0
210,210 Tamer Heper /  Posta Dava konusu yapılabilir ...,0.0,0.0,0
211,211 Banu Şen /  Posta Geri döndüğümüzde geçmişteki hataları yapmayalım ...,0.0,0.0,0
212,212 Filiz Özkol /  Posta 27 Nisan 2020 günlük burç yorumları ...,0.0,0.0,0
213,213 Levent Köprülü /  Milliyet Otomotiv ritmini eylül ayında bulur ...,0.0,0.0,0
214,214 Sema Özpekmezci /  Milliyet Sağlıklı Un Helvası ...,0.0,0.0,0
215,215 Süreyya Üzmez /  Milliyet TAHMİN ETMEDİĞİMİZ SONUÇLAR KANUNU ...,0.0,0.0,0
216,216 Cem Kılıç /  Milliyet İşsizlik desteği için buna dikkat! ...,0.0,0.0,0
217,217 Dr. Demet Erciyes /  Milliyet SAĞLIKTA DESTAN YAZIYORUZ ...,0.0,0.0,0
218,218 Cihat Olcay Dinçel /  Milliyet Akciğer tomografisinin Kovid-19 tanısında yeri ...,0.0,0.0,0
219,219 Ali Çınar /  Milliyet ABD'de ekonomik gidişat ve beklentiler ...,0.0,0.0,0
220,220 Yaman Törüner /  Milliyet ZOOM ...,0.0,0.0,0
221,221 Afşın Yakuboğlu /  Milliyet Altılı ganyanda bugün (27 Nisan) ...,0.0,0.0,0
222,222 Asu Maro /  Milliyet Diktatörün de erkeği makbul ...,0.0,0.0,0
223,223 R.hakan Kırkoğlu /  Milliyet İletişimde sıkıntılar ...,0.0,0.0,0
224,224 Atilay Kandemir /  Milliyet HAYAT DEVAM EDİYOR ...,0.0,0.0,0
225,225 Naci Cem Öncel /  Hürriyet Misafirsiz iftar olur mu ...,0.0,0.0,0
226,226 Dilek Avşar /  Hürriyet Ramazanda kilo dengesi nasıl sağlanır? ...,0.0,0.0,0
227,227 Fulya Soybaş /  Hürriyet AVM'ler açılacak mı ...,0.0,0.0,0
228,228 Mehmet Üstündağ /  Hürriyet Serenay'ın tasarımcısı korona oldu ...,0.0,0.0,0
229,229 Nil Karaibrahimgil /  Hürriyet Keşke 65 yaş üstü ...,0.0,0.0,0
230,230 Sahrap Soysal /  Hürriyet Patlıcanlı Tarsus tavası ...,0.0,0.0,0
231,231 Onur Baştürk /  Hürriyet Korona günlerindeki aşk gerçekten aşk mıdır ...,0.0,0.0,0
232,232 Rauf Tamer /  Hürriyet Esas mesele ...,0.0,0.0,0
233,233 Noyan Doğan /  Hürriyet Sigortada dev satın alma ...,0.0,0.0,0
234,234 Mehmet Soysal /  Hürriyet Şiddetli dengelemeler ...,0.0,0.0,0
235,235 Fatih Çekirge /  Hürriyet Nihayet güzel haberler: Mayıs ortasından sonra iç hatlar ...,0.0,0.0,0
236,236 Ya o toplar gol olsaydı? /  Hürriyet Uğur MELEKE ...,0.0,0.0,0
237,237 Koronodan Önce (K.Ö.) /  Hürriyet Selim Türsen ...,0.0,0.0,0
238,238 Şiddetli dengelemeler /  Hürriyet Mehmet SOYSAL ...,0.0,0.0,0
239,239 Misafirsiz iftar olur mu /  Hürriyet Naci Cem Öncel ...,0.0,0.0,0
240,240 1400 yılda iftar kültürü de değişti.. Buyurun sofraya /  Hürriyet Naci Cem Öncel ...,0.0,0.0,0
241,241 Zeytinyağı /  Hürriyet Elvan Uysal Bottoni ...,0.0,0.0,0
242,242 Ramazanda kilo dengesi nasıl sağlanır? /  Hürriyet Dilek Avşar ...,0.0,0.0,0
243,243 Serenay’ın tasarımcısı korona oldu /  Hürriyet Mehmet Üstündağ ...,0.0,0.0,0
244,244 Devrim Demirel /  Sözcü Basketbolda kaos! ...,0.0,0.0,0
245,245 Erhan Altunay /  Posta Bu tefekkür içinde eski Ramazanlara kayıyor insanın akl� ...,0.0,0.0,0
246,246 Ahmet Ünlü /  Yeni Şafak Memurların kurumdan kuruma ve amirden amire değişen hakla ...,0.0,0.0,0
247,247 Ali Ağaoğlu /  Milliyet Dünyada denge için petrolde istikrar şart ...,0.0,0.0,0
248,"248 Filiz Dağ /  Milliyet Roman yazarken, kafanın içinde yeni ve eşsiz bir dünya y ...",0.0,0.0,0
249,249 İhsan Muslu /  - Elhamdülillâh Geldi Mâh-ı Ramazân.. ...,0.0,0.0,0
250,250 Tunca Bengin /  Milliyet Dünya Kovid-19'dan ders aldı mı? ...,0.0,0.0,0
251,251 Abdulkadir Selvi /  Hürriyet Normalleşme takvimi bugün netleşiyor ...,0.0,0.0,0
252,252 Tunç M. Berkman /  Milliyet Havacılık sektörü ve Covid-19 Sendromu ...,0.0,0.0,0
253,"253 Ayşegül Domaniç Yelçe /  Hürriyet ""Dünya Menenjit Günü"" ...",0.0,0.0,0
254,254 Aygül Aydın /  Hürriyet Plüton gerilemesi başladı! Hangi kuşakta doğdun? ...,0.0,0.0,0
255,255 Merve Tokaz /  Posta Corona virüsle mücadelede Trump alarmı ...,0.0,0.0,0
256,256 Gizem Şeho /  Posta Merkür Boğa burcunda ...,0.0,0.0,0
257,257 Pedagog Levent Kahraman /  Posta Sessiz tiyatro ...,0.0,0.0,0
258,258 Günün karikatürü /  Hürriyet M.Kutlukhan Perker ...,0.0,0.0,0
259,259 EvdeKal sürecinde psikolojik yeme davranışları /  Hürriyet M. Berk Karaoğlu ...,0.0,0.0,0
260,260 Testosteron tedavisinin cinsellik üzerine etkileri nelerdir? /  Hürriyet Ege Can Şerefoğlu ...,0.0,0.0,0
261,261 Korona günlerine özel sağlıklı tarifler /  Hürriyet Deniz Berksoy ...,0.0,0.0,0
262,262 İzzettin Önder /  Odatv İşte kapitalizmin en çok güvendiği şey ...,0.0,0.0,0
263,263 Müyesser Yıldız /  Odatv MİT'çiyi adıyla sanıyla canlı yay ...,0.0,0.0,0
264,264 Gül Tuğbahan Kızılcık /  Posta Çocuklarımızla evde yaşam ...,0.0,0.0,0
265,265 Defne Ünal /  Posta Uzun süre etkisinden çıkamayacağınız 5 distopik roman ...,0.0,0.0,0
266,266 M. Caner Alper /  T24 Karantina güncesi ...,0.0,0.0,0
